{"data_nums":[1,2,3,4,5,6,7,8,9,10,11,12,13,14,15,16,17,18,19,20,21,22,23,24,25,26,27,28,29,30,31,32,33,34,35,36,37,38,39,40,41,42,43,44,45,46,47,48,49,50,55,60,65,70,75,80,85,90,95,100,105,110,115,120,125,130,135,140,145,150,155,160,165,170,175,180,185,190,195,200,250,300,350,400,450,500,550,600,650,700,750,800,850,900,950,1000,1100,1200,1300,1400,1500,1600,1700,1800,1900,2000,2100,2200,2300,2400,2500,2600,2700,2800,2900,3000,3100,3200,3300,3400,3500,3600,3700,3800,3900,4000],"data_num_0":10,"result_0":[0.0,0.0,0.0,0.0,0.0,0.0,0.00021867752075195314,0.007509183883666992,0.07154207229614258,0.9449224948883057],"data_num_1":21,"result_1":[0.0,0.0,0.0,0.0,0.0,0.0,0.0,0.0,0.0,0.0,0.0,0.0032892227172851562,0.00248565673828125,0.005149269104003906,0.012466716766357421,0.021995019912719727,0.04987425804138183,0.09190325736999512,0.20783824920654298,0.5128085136413574,1.0063897609710692],"data_num_2":0,"result_2":[0.0,0.0,0.0,0.0,0.0,0.0,0.0,0.0,0.0,0.0,0.0,0.0,0.0,0.0,0.0,0.0,0.0,0.0,0.0,0.0,0.0,0.0,0.0,0.0,0.0,0.0,0.0,0.0,0.0,0.0,0.0,0.0,0.0,0.0,0.0,0.00020222663879394532,0.0,0.0,0.0,0.0,0.0,0.0,0.0,0.0,0.00026454925537109373,0.000026988983154296876,0.0,0.0,0.000101470947265625,0.0,0.0,0.0,0.0,0.0,0.00021681785583496093,0.0,0.0002963542938232422,0.0,0.0,0.0,0.00010585784912109375,0.000267791748046875,0.0,0.0014083385467529297,0.00060577392578125,0.00037937164306640626,0.000307464599609375,0.0,0.0,0.0022341728210449217,0.0004550933837890625,0.0005564689636230469,0.0,0.0005230426788330079,0.00042204856872558595,0.0006828784942626953,0.0006217479705810547,0.0006448745727539063,0.0012444496154785157,0.0008270263671875,0.0012289524078369141,0.001680755615234375,0.003353404998779297,0.003583669662475586,0.0065310955047607425,0.007993221282958984,0.009127378463745117,0.009994697570800782,0.014027833938598633,0.013101625442504882,0.017098760604858397,0.01822066307067871,0.018819761276245118,0.024779033660888673,0.024536848068237305,0.029342794418334962,0.032595586776733396,0.039783573150634764,0.04583230018615723,0.052790355682373044,0.061910581588745114,0.06928806304931641,0.0787580966949463,0.0909609317779541,0.09641795158386231,0.10833706855773925,0.12036848068237305,0.13312506675720215,0.15012683868408203,0.15861153602600098,0.17656478881835938,0.18768839836120604,0.20205206871032716,0.21689434051513673,0.2368337631225586,0.2532645225524902,0.27339019775390627,0.28952274322509763,0.31023826599121096,0.3201991081237793,0.3481423377990723,0.3589219570159912,0.38246660232543944,0.394959020614624,0.42488870620727537,0.43998241424560547],"data_num_3":0,"result_3":[0.0,0.0,0.0,0.0,0.0,0.0,0.0,0.0,0.0,0.0,0.0,0.0,0.0,0.0,0.0,0.0,0.0,0.0,0.0,0.0,0.0,0.0,0.0,0.0,0.0015471458435058593,0.0,0.0,0.0002529621124267578,0.0,0.0,0.0,0.0,0.0002437114715576172,0.00010228157043457031,0.0,0.0,0.00015125274658203124,0.0,0.00020189285278320311,0.00008788108825683594,0.0,0.00020704269409179687,0.0,0.0,0.00004258155822753906,0.0,0.0,0.0003151416778564453,0.0,0.00023984909057617188,0.0,0.0003720760345458984,0.0,0.0,0.00010066032409667968,0.0,0.0,0.00023789405822753905,0.0,0.0002124786376953125,0.00020251274108886718,0.0,0.0,0.0,0.0002087116241455078,0.00010690689086914062,0.0,0.0,0.0,0.0,0.0,0.00010161399841308593,0.0,0.00019998550415039061,0.00035085678100585935,0.0003167629241943359,0.00030112266540527344,0.00010700225830078125,0.00023474693298339844,0.00020112991333007813,0.00026454925537109373,0.0013795852661132812,0.0,0.0029458045959472657,0.0006989002227783203,0.00024137496948242187,0.002035713195800781,0.0,0.0,0.0031729698181152343,0.000797891616821289,0.001005268096923828,0.0,0.0009979248046875,0.0,0.0006818771362304688,0.0034823894500732424,0.0,0.0,0.0031239986419677734,0.0015343666076660157,0.0,0.0015557765960693359,0.0010081768035888673,0.0031316280364990234,0.0026650428771972656,0.003347444534301758,0.0031201839447021484,0.004825973510742187,0.0033006191253662108,0.004106044769287109,0.0032007694244384766,0.005929470062255859,0.0032210350036621094,0.0033496856689453126,0.006125640869140625,0.0027661800384521486,0.0051482200622558595,0.006262588500976563,0.0032082557678222655,0.003633880615234375,0.003132152557373047,0.006350374221801758,0.0043392181396484375,0.006346893310546875,0.00497746467590332],"data_num_4":0,"result_4":[0.0,0.0,0.0,0.0,0.0,0.0,0.0,0.0,0.0,0.0,0.0,0.0,0.0,0.0,0.0,0.0,0.0,0.0,0.0,0.0,0.0,0.0,0.0,0.0,0.0007735729217529297,0.0,0.0,0.0001264810562133789,0.0,0.0,0.0,0.0,0.0001218557357788086,0.000051140785217285156,0.0,0.0,0.00007562637329101562,0.0,0.00010094642639160156,0.00004394054412841797,0.0,0.00010352134704589843,0.0,0.0,0.00002129077911376953,0.0,0.0,0.00015757083892822265,0.0,0.00011992454528808594,0.0,0.0001860380172729492,0.0,0.0,0.00005033016204833984,0.0,0.0,0.00011894702911376953,0.0,0.00010623931884765626,0.00010125637054443359,0.0,0.0,0.0,0.0001043558120727539,0.00005345344543457031,0.0,0.0,0.0,0.0,0.0,0.00005080699920654297,0.0,0.00009999275207519531,0.00017542839050292968,0.00015838146209716796,0.00015056133270263672,0.000053501129150390626,0.00011737346649169922,0.00010056495666503907,0.00013227462768554686,0.0006897926330566406,0.0,0.0014729022979736329,0.00034945011138916017,0.00012068748474121093,0.0010178565979003906,0.0,0.0,0.0015864849090576171,0.0003989458084106445,0.000502634048461914,0.0,0.00049896240234375,0.0,0.0003409385681152344,0.0017411947250366212,0.0,0.0,0.0015619993209838867,0.0007671833038330079,0.0,0.0007778882980346679,0.0005040884017944336,0.0015658140182495117,0.0013325214385986328,0.001673722267150879,0.0015600919723510742,0.0024129867553710936,0.0016503095626831054,0.0020530223846435547,0.0016003847122192383,0.0029647350311279297,0.0016105175018310547,0.0016748428344726563,0.0030628204345703124,0.0013830900192260743,0.0025741100311279298,0.0031312942504882813,0.0016041278839111328,0.0018169403076171875,0.0015660762786865235,0.003175187110900879,0.0021696090698242188,0.0031734466552734374,0.00248873233795166],"data_num_5":0,"result_5":[0.0,0.0,0.0,0.0,0.0,0.0,0.0,0.0,0.0,0.0,0.0,0.0,0.0,0.0,0.0,0.0,0.0,0.0,0.0,0.0,0.0,0.0,0.0,0.0,0.0005157152811686198,0.0,0.0,0.00008432070414225261,0.0,0.0,0.0,0.0,0.0000812371571858724,0.00003409385681152344,0.0,0.0,0.00005041758219401042,0.0,0.00006729761759440104,0.000029293696085611978,0.0,0.00006901423136393229,0.0,0.0,0.00001419385274251302,0.0,0.0,0.00010504722595214844,0.0,0.00007994969685872395,0.0,0.00012402534484863282,0.0,0.0,0.00003355344136555989,0.0,0.0,0.00007929801940917969,0.0,0.00007082621256510417,0.0000675042470296224,0.0,0.0,0.0,0.00006957054138183594,0.00003563563028971354,0.0,0.0,0.0,0.0,0.0,0.00003387133280436198,0.0,0.00006666183471679688,0.00011695226033528646,0.00010558764139811198,0.00010037422180175781,0.00003566741943359375,0.00007824897766113281,0.00006704330444335937,0.00008818308512369792,0.00045986175537109374,0.0,0.0009819348653157553,0.00023296674092610677,0.00008045832316080729,0.0006785710652669271,0.0,0.0,0.0010576566060384114,0.000265963872273763,0.00033508936564127605,0.0,0.0003326416015625,0.0,0.0002272923787434896,0.0011607964833577475,0.0,0.0,0.0010413328806559246,0.0005114555358886718,0.0,0.0005185921986897786,0.0003360589345296224,0.001043876012166341,0.0008883476257324219,0.0011158148447672526,0.001040061314900716,0.0016086578369140625,0.0011002063751220704,0.0013686815897623699,0.0010669231414794922,0.001976490020751953,0.0010736783345540364,0.0011165618896484375,0.0020418802897135416,0.0009220600128173828,0.0017160733540852865,0.002087529500325521,0.0010694185892740884,0.0012112935384114584,0.0010440508524576823,0.0021167914072672527,0.0014464060465494792,0.002115631103515625,0.0016591548919677734],"data_num_6":0,