{"data_nums":[1,2,3,4,5,6,7,8,9,10,11,12,13,14,15,16,17,18,19,20,21,22,23,24,25,26,27,28,29,30,31,32,33,34,35,36,37,38,39,40,41,42,43,44,45,46,47,48,49,50,55,60,65,70,75,80,85,90,95,100,105,110,115,120,125,130,135,140,145,150,155,160,165,170,175,180,185,190,195,200,250,300,350,400,450,500,550,600,650,700,750,800,850,900,950,1000,1100,1200,1300,1400,1500,1600,1700,1800,1900,2000,2100,2200,2300,2400,2500,2600,2700,2800,2900,3000,3100,3200,3300,3400,3500,3600,3700,3800,3900,4000],"data_num_0":10,"result_0":[0.0,0.0,0.0,0.0,0.0,0.0,0.0012073516845703125,0.008248138427734374,0.07492308616638184,1.0816954612731933],"data_num_1":21,"result_1":[0.0,0.0,0.0,0.0,0.0,0.0,0.0,0.0,0.0,0.0,0.0009921073913574218,0.0005733966827392578,0.004773473739624024,0.009181928634643555,0.013409805297851563,0.02175736427307129,0.04701032638549805,0.13430252075195312,0.2466057777404785,0.578510332107544,1.1752493381500244],"data_num_2":0,"result_2":[0.0,0.0003047466278076172,0.0,0.0,0.0,0.0,0.0,0.0,0.0,0.0,0.0,0.0,0.0,0.0,0.0,0.0,0.0,0.0,0.0,0.0,0.0,0.0,0.0,0.00010457038879394532,0.0,0.0,0.0,0.0,0.0,0.0,0.0,0.0,0.00030083656311035155,0.0,0.0,0.0,0.0,0.0,0.0,0.0,0.00010099411010742188,0.00010857582092285156,0.0,0.0,0.0,0.0002646446228027344,0.0,0.0,0.0,0.0002933979034423828,0.0,0.0,0.00028672218322753904,0.0,0.0,0.00019860267639160156,0.0,0.0,0.0,0.0002036571502685547,0.0,0.00020928382873535155,0.0009521007537841797,0.0009115219116210937,0.0017667770385742187,0.0006090641021728515,0.000504446029663086,0.001136636734008789,0.001769685745239258,0.001219034194946289,0.0006689548492431641,0.0,0.001229715347290039,0.0,0.0018785476684570312,0.002011394500732422,0.0009084701538085938,0.0010435104370117188,0.0,0.0012866020202636718,0.0018149852752685548,0.003278684616088867,0.004200792312622071,0.004988384246826172,0.006735897064208985,0.008686017990112305,0.011649751663208007,0.013047885894775391,0.015096139907836915,0.016114568710327147,0.024131155014038085,0.02441377639770508,0.022810888290405274,0.025197362899780272,0.02685260772705078,0.028888845443725587,0.037287425994873044,0.0461428165435791,0.05000529289245605,0.060868263244628906,0.06979398727416992,0.07911958694458007,0.09862995147705078,0.09338274002075195,0.10589814186096191,0.13703885078430175,0.1357347011566162,0.1629878520965576,0.1690201759338379,0.19334831237792968,0.19621596336364747,0.20925478935241698,0.24731664657592772,0.27156648635864256,0.2728466033935547,0.27967519760131837,0.31802983283996583,0.31667184829711914,0.3579860210418701,0.3839306354522705,0.4057318687438965,0.3898351192474365,0.44618701934814453,0.4658514022827148,0.45821523666381836,0.49422059059143064],"data_num_3":0,"result_3":[0.0,0.0,0.0,0.0,0.0,0.0,0.0,0.0,0.0,0.0,0.0,0.0,0.0,0.0,0.0,0.0,0.0,0.0,0.0,0.0,0.0,0.0,0.0,0.0,0.0,0.0002601146697998047,0.0,0.0,0.0,0.0,0.0,0.0,0.0,0.00021042823791503907,0.00010461807250976563,0.00014176368713378907,0.00015206336975097655,0.0,0.00025639533996582033,0.0002028942108154297,0.0,0.00004992485046386719,0.0002615928649902344,0.0,0.0,0.0,0.0,0.00011911392211914063,0.0,0.0,0.0,0.0,0.0,0.0,0.00030641555786132814,0.00018792152404785157,0.00045986175537109374,0.0,0.0,0.0,0.0007829666137695312,0.0,0.0,0.0,0.00020341873168945314,0.000507974624633789,0.0,0.0,0.0,0.0,0.0,0.0016155719757080078,0.00023775100708007814,0.0,0.0,0.0,0.0006572723388671875,0.0,0.0016061782836914063,0.00030345916748046874,0.0,0.0005733489990234375,0.0003253936767578125,0.0010936260223388672,0.001350736618041992,0.0007067680358886719,0.000746774673461914,0.001607370376586914,0.0006077289581298828,0.0,0.0016068458557128907,0.0,0.0013161182403564453,0.0011083602905273438,0.002009010314941406,0.0012073993682861328,0.0,0.0,0.0034965038299560546,0.001109170913696289,0.0,0.0031443119049072267,0.003125,0.0012075424194335938,0.003124427795410156,0.0002737998962402344,0.005266714096069336,0.00643610954284668,0.004285335540771484,0.0039447307586669925,0.004303359985351562,0.004319286346435547,0.006303310394287109,0.004512262344360351,0.005551719665527343,0.002701473236083984,0.006346845626831054,0.0032166004180908202,0.003131866455078125,0.006325054168701172,0.0031310081481933593,0.003131675720214844,0.0063456535339355465,0.004324769973754883,0.006264925003051758,0.008275699615478516],"data_num_4":0,"result_4":[0.0,0.0,0.0,0.0,0.0,0.0,0.0,0.0,0.0,0.0,0.0,0.0,0.0,0.0,0.0,0.0,0.0,0.0,0.0,0.0,0.0,0.0,0.0,0.0,0.0,0.00013005733489990234,0.0,0.0,0.0,0.0,0.0,0.0,0.0,0.00010521411895751953,0.000052309036254882814,0.00007088184356689453,0.00007603168487548828,0.0,0.00012819766998291017,0.00010144710540771484,0.0,0.000024962425231933594,0.0001307964324951172,0.0,0.0,0.0,0.0,0.000059556961059570315,0.0,0.0,0.0,0.0,0.0,0.0,0.00015320777893066407,0.00009396076202392579,0.00022993087768554687,0.00020363330841064454,0.0,0.0,0.0003914833068847656,0.0,0.0,0.0,0.00010170936584472657,0.0002539873123168945,0.0,0.0,0.0,0.0,0.0,0.0008077859878540039,0.00011887550354003907,0.0,0.0,0.0,0.00032863616943359377,0.0,0.0008030891418457031,0.00015172958374023437,0.0,0.00028667449951171877,0.00016269683837890624,0.0005468130111694336,0.000675368309020996,0.00035338401794433595,0.000373387336730957,0.000803685188293457,0.0003038644790649414,0.0,0.0008034229278564454,0.0,0.0006580591201782226,0.0005541801452636719,0.001004505157470703,0.0006036996841430664,0.0,0.0,0.0018024206161499023,0.0005545854568481445,0.0,0.0015721559524536134,0.0015625,0.0006037712097167969,0.001562213897705078,0.0014507532119750976,0.002633357048034668,0.00321805477142334,0.002142667770385742,0.0019723653793334963,0.002151679992675781,0.0021596431732177736,0.0031516551971435547,0.0022561311721801757,0.002951693534851074,0.001350736618041992,0.003173422813415527,0.0016083002090454101,0.0015659332275390625,0.003162527084350586,0.0015655040740966796,0.0031337738037109375,0.0031728267669677733,0.0021623849868774416,0.003132462501525879,0.004137849807739258],"data_num_5":0,"result_5":[0.0,0.0,0.0,0.0,0.0,0.0,0.0,0.0,0.0,0.0,0.0,0.0,0.0,0.0,0.0,0.0,0.0,0.0,0.0,0.0,0.0,0.0,0.0,0.0,0.0,0.00008670488993326823,0.0,0.0,0.0,0.0,0.0,0.0,0.0,0.00007014274597167968,0.000034872690836588545,0.000047254562377929685,0.000050687789916992186,0.0,0.0000854651133219401,0.00006763140360514323,0.0,0.000016641616821289062,0.00008719762166341146,0.0,0.0,0.0,0.0,0.00003970464070638021,0.0,0.0,0.0,0.0,0.0,0.0,0.00010213851928710937,0.00006264050801595052,0.00015328725179036457,0.00013575553894042968,0.0,0.0,0.00026098887125651043,0.0,0.0,0.0,0.00006780624389648437,0.0001693248748779297,0.0,0.0,0.0,0.0,0.0,0.0005385239919026692,0.00007925033569335937,0.0,0.0,0.0,0.00021909077962239582,0.0,0.0005353927612304687,0.00010115305582682291,0.0,0.0001911163330078125,0.00010846455891927083,0.00036454200744628906,0.00045024553934733074,0.00023558934529622396,0.00024892489115397134,0.0005357901255289714,0.0002025763193766276,0.0,0.0005356152852376302,0.0,0.0004387060801188151,0.00036945343017578123,0.0006696701049804688,0.0004024664560953776,0.0,0.0,0.001201613744099935,0.000369723637898763,0.0,0.0010481039683024088,0.0010416666666666667,0.0004025141398111979,0.0010414759318033854,0.0009671688079833984,0.0017555713653564452,0.00214536984761556,0.0014284451802571614,0.0013149102528889974,0.001434453328450521,0.0014397621154785157,0.0021011034647623696,0.0015040874481201173,0.001967795689900716,0.0009004910786946615,0.0021156152089436848,0.0010722001393636067,0.0010439554850260417,0.0021083513895670575,0.0010436693827311197,0.0020891825358072915,0.0021152178446451823,0.0014415899912516275,0.002088308334350586,0.0027585665384928385],"data_num_6":0,