{"data_nums":[1,2,3,4,5,6,7,8,9,10,11,12,13,14,15,16,17,18,19,20,21,22,23,24,25,26,27,28,29,30,31,32,33,34,35,36,37,38,39,40,41,42,43,44,45,46,47,48,49,50,55,60,65,70,75,80,85,90,95,100,105,110,115,120,125,130,135,140,145,150,155,160,165,170,175,180,185,190,195,200,250,300,350,400,450,500,550,600,650,700,750,800,850,900,950,1000,1100,1200,1300,1400,1500,1600,1700,1800,1900,2000,2100,2200,2300,2400,2500,2600,2700,2800,2900,3000,3100,3200,3300,3400,3500,3600],"average_result":[0.0,0.0,0.0,0.0,0.0,0.0,0.0,0.0,0.0002449989318847656,0.0,0.0,0.0,0.0,0.0,0.0,0.0,0.0002068042755126953,0.0,0.0,0.0,0.0,0.0,0.0,0.0,0.0,0.0,0.0,0.00023398399353027343,0.0,0.0,0.0,0.00025773048400878906,0.0,0.00013957023620605468,0.0,0.0,0.0,0.0,0.00016880035400390625,0.0,0.0,0.0,0.0,0.0,0.00008320808410644531,0.00013794898986816407,0.00003557205200195312,0.0,0.0002726078033447266,0.0,0.0003546237945556641,0.00021424293518066407,0.0,0.00020356178283691405,0.00020551681518554688,0.0,0.0002002716064453125,0.00022187232971191407,0.00006976127624511719,0.0004124164581298828,0.0005564212799072266,0.00041851997375488283,0.0003552436828613281,0.0004927635192871094,0.0005911350250244141,0.000588226318359375,0.0008800029754638672,0.0006000041961669922,0.00026569366455078127,0.0015057563781738282,0.0007741451263427734,0.0,0.0023580551147460937,0.0007256507873535156,0.0011052131652832032,0.0009244918823242187,0.0016482353210449218,0.0010200023651123046,0.0016232967376708985,0.00135955810546875,0.00251622200012207,0.0022419452667236327,0.005314350128173828,0.0063361644744873045,0.007854795455932618,0.009463691711425781,0.012966489791870118,0.015178489685058593,0.018452548980712892,0.02170553207397461,0.022228193283081055,0.02944669723510742,0.029452705383300783,0.033786344528198245,0.036220216751098634,0.043609094619750974,0.050393104553222656,0.06531891822814942,0.07205085754394532,0.08382058143615723,0.09325113296508789,0.11167044639587402,0.12345767021179199,0.14613380432128906,0.16328692436218262,0.18146038055419922,0.20179996490478516,0.21968159675598145,0.24114274978637695,0.2669528484344482,0.28878116607666016,0.3162118434906006,0.33646187782287595,0.36123008728027345,0.38534059524536135,0.417051362991333,0.43453569412231446,0.4639622688293457,0.4900001049041748,0.5203946113586426,0.5751156330108642,0.620488452911377],"result_0":[0.0,0.0,0.0,0.0,0.0,0.0,0.0,0.0,0.0,0.0,0.0,0.0,0.0,0.0,0.0,0.0,0.0010340213775634766,0.0,0.0,0.0,0.0,0.0,0.0,0.0,0.0,0.0,0.0,0.0011699199676513672,0.0,0.0,0.0,0.0,0.0,0.0005750656127929688,0.0,0.0,0.0,0.0,0.0,0.0,0.0,0.0,0.0,0.0,0.0,0.0,0.00017786026000976562,0.0,0.0013630390167236328,0.0,0.0,0.0,0.0,0.0,0.0,0.0,0.0,0.0,0.0,0.0,0.0,0.0,0.0,0.0009644031524658203,0.0010008811950683594,0.0,0.0,0.0,0.0013284683227539062,0.00324249267578125,0.0015954971313476562,0.0,0.0,0.0,0.0013594627380371094,0.0009989738464355469,0.0030870437622070312,0.0,0.0009975433349609375,0.0016922950744628906,0.0,0.002446889877319336,0.008240222930908203,0.00696873664855957,0.008062124252319336,0.013078451156616211,0.013916492462158203,0.016097545623779297,0.022011995315551758,0.022383928298950195,0.025328397750854492,0.0362696647644043,0.025943279266357422,0.03617382049560547,0.04437994956970215,0.055420875549316406,0.052278757095336914,0.07087039947509766,0.08150339126586914,0.09590530395507812,0.1055607795715332,0.11007547378540039,0.13466954231262207,0.1693723201751709,0.1623685359954834,0.19996190071105957,0.20616388320922852,0.21495842933654785,0.24219322204589844,0.25936222076416016,0.30091333389282227,0.31125903129577637,0.3225667476654053,0.3541717529296875,0.37161874771118164,0.41225433349609375,0.44710636138916016,0.46160435676574707,0.4838287830352783,0.5283358097076416,0.5762076377868652,0.6432046890258789],"result_1":[0.0,0.0,0.0,0.0,0.0,0.0,0.0,0.0,0.0,0.0,0.0,0.0,0.0,0.0,0.0,0.0,0.0,0.0,0.0,0.0,0.0,0.0,0.0,0.0,0.0,0.0,0.0,0.0,0.0,0.0,0.0,0.0,0.0,0.0,0.0,0.0,0.0,0.0,0.0008440017700195312,0.0,0.0,0.0,0.0,0.0,0.0,0.0002980232238769531,0.0,0.0,0.0,0.0,0.0017731189727783203,0.0,0.0,0.0,0.0,0.0,0.0,0.0011093616485595703,0.0,0.0010700225830078125,0.0,0.0,0.0,0.0004904270172119141,0.0,0.0,0.002111673355102539,0.001001119613647461,0.0,0.0018186569213867188,0.0010056495666503906,0.0,0.008527278900146484,0.0010833740234375,0.0010094642639160156,0.0010139942169189453,0.0010116100311279297,0.0,0.0021505355834960938,0.0010144710540771484,0.0,0.003495931625366211,0.005188941955566406,0.001569986343383789,0.008515596389770508,0.006836891174316406,0.012005329132080078,0.01582932472229004,0.017371177673339844,0.020155906677246094,0.02162456512451172,0.03187227249145508,0.022776126861572266,0.036042213439941406,0.0404052734375,0.041967153549194336,0.05815458297729492,0.061360836029052734,0.07329320907592773,0.07767963409423828,0.0939795970916748,0.1145176887512207,0.11139869689941406,0.1395273208618164,0.1422874927520752,0.17261028289794922,0.18005132675170898,0.21260952949523926,0.22104382514953613,0.24792098999023438,0.280531644821167,0.29486703872680664,0.3352391719818115,0.3518409729003906,0.39348292350769043,0.44446778297424316,0.4417588710784912,0.470029354095459,0.521467924118042,0.5275535583496094,0.5936498641967773,0.6205871105194092],"result_2":[0.0,0.0,0.0,0.0,0.0,0.0,0.0,0.0,0.0,0.0,0.0,0.0,0.0,0.0,0.0,0.0,0.0,0.0,0.0,0.0,0.0,0.0,0.0,0.0,0.0,0.0,0.0,0.0,0.0,0.0,0.0,0.0,0.0,0.0001227855682373047,0.0,0.0,0.0,0.0,0.0,0.0,0.0,0.0,0.0,0.0,0.0,0.0001239776611328125,0.0,0.0,0.0,0.0,0.0,0.0010712146759033203,0.0,0.0,0.0,0.0,0.0010013580322265625,0.0,0.00034880638122558594,0.0,0.0017745494842529297,0.0010917186737060547,0.0012731552124023438,0.0,0.0,0.0,0.0010228157043457031,0.0009999275207519531,0.0,0.0010344982147216797,0.0012695789337158203,0.0,0.0010073184967041016,0.0,0.0010058879852294922,0.0008485317230224609,0.0009989738464355469,0.0021636486053466797,0.0024220943450927734,0.002006053924560547,0.0,0.003081083297729492,0.004466056823730469,0.011536598205566406,0.007540702819824219,0.007536888122558594,0.015061616897583008,0.012445926666259766,0.017322778701782227,0.019646167755126953,0.015489339828491211,0.027082443237304688,0.04568648338317871,0.03763580322265625,0.03303217887878418,0.041500091552734375,0.039061546325683594,0.07364583015441895,0.07301068305969238,0.08504891395568848,0.09598994255065918,0.10970759391784668,0.13594937324523926,0.1261606216430664,0.16106462478637695,0.15773367881774902,0.1910874843597412,0.22064518928527832,0.25792741775512695,0.2769012451171875,0.28353214263916016,0.3311140537261963,0.3505234718322754,0.38326382637023926,0.39966320991516113,0.43285155296325684,0.4488050937652588,0.4909343719482422,0.4929380416870117,0.5216200351715088,0.5868308544158936,0.611069917678833],